video_id,segment,start,end
03bSnISJMiM,1,,
03bSnISJMiM,2,,
03bSnISJMiM,3,,
03bSnISJMiM,4,,
03bSnISJMiM,5,,
03bSnISJMiM,6,,
03bSnISJMiM,7,,
03bSnISJMiM,8,,
03bSnISJMiM,9,,
03bSnISJMiM,10,,
03bSnISJMiM,11,,
03bSnISJMiM,12,,
03bSnISJMiM,13,,
0h-zjBukYpk,1,,
0h-zjBukYpk,2,,
0h-zjBukYpk,3,,
0h-zjBukYpk,4,,
0h-zjBukYpk,5,,
0h-zjBukYpk,6,,
0h-zjBukYpk,7,,
0h-zjBukYpk,8,,
0h-zjBukYpk,9,,
0h-zjBukYpk,10,,
0h-zjBukYpk,11,,
0h-zjBukYpk,12,,
0h-zjBukYpk,13,,
0h-zjBukYpk,14,,
0h-zjBukYpk,15,,
0h-zjBukYpk,16,,
0h-zjBukYpk,17,,
0h-zjBukYpk,18,,
0h-zjBukYpk,19,,
0h-zjBukYpk,20,,
0h-zjBukYpk,21,,
0h-zjBukYpk,22,,
0h-zjBukYpk,23,,
0h-zjBukYpk,24,,
0h-zjBukYpk,25,,
1DmNV9C1hbY,1,,
1DmNV9C1hbY,2,,
1DmNV9C1hbY,3,,
1DmNV9C1hbY,4,,
1DmNV9C1hbY,5,,
1DmNV9C1hbY,6,,
1DmNV9C1hbY,7,,
1DmNV9C1hbY,8,,
1DmNV9C1hbY,9,,
1DmNV9C1hbY,10,,
1DmNV9C1hbY,11,,
1DmNV9C1hbY,12,,
1DmNV9C1hbY,13,,
1DmNV9C1hbY,14,,
1iG0909rllw,1,,
1iG0909rllw,2,,
1iG0909rllw,3,,
1iG0909rllw,4,,
1iG0909rllw,5,,
1iG0909rllw,6,,
1iG0909rllw,7,,
1iG0909rllw,8,,
1iG0909rllw,9,,
1iG0909rllw,10,,
1iG0909rllw,11,,
1iG0909rllw,12,,
1iG0909rllw,13,,
1iG0909rllw,14,,
1iG0909rllw,15,,
1iG0909rllw,16,,
1iG0909rllw,17,,
1iG0909rllw,18,,
1iG0909rllw,19,,
1iG0909rllw,20,,
1iG0909rllw,21,,
1iG0909rllw,22,,
1iG0909rllw,23,,
1iG0909rllw,24,,
1iG0909rllw,25,,
1iG0909rllw,26,,
1iG0909rllw,27,,
1iG0909rllw,28,,
1iG0909rllw,29,,
1iG0909rllw,30,,
2WGyTLYerpo,1,,
2WGyTLYerpo,2,,
2WGyTLYerpo,3,,
2WGyTLYerpo,4,,
2WGyTLYerpo,5,,
2WGyTLYerpo,6,,
2WGyTLYerpo,7,,
2WGyTLYerpo,8,,
2WGyTLYerpo,9,,
2WGyTLYerpo,10,,
2WGyTLYerpo,11,,
2WGyTLYerpo,12,,
2WGyTLYerpo,13,,
2WGyTLYerpo,14,,
2WGyTLYerpo,15,,
2WGyTLYerpo,16,,
2WGyTLYerpo,17,,
2WGyTLYerpo,18,,
2WGyTLYerpo,19,,
2WGyTLYerpo,20,,
2WGyTLYerpo,21,,
2WGyTLYerpo,22,,
2WGyTLYerpo,23,,
2WGyTLYerpo,24,,
2WGyTLYerpo,25,,
2WGyTLYerpo,26,,
2WGyTLYerpo,27,,
2WGyTLYerpo,28,,
2WGyTLYerpo,29,,
2WGyTLYerpo,30,,
2WGyTLYerpo,31,,
2WGyTLYerpo,32,,
2WGyTLYerpo,33,,
2WGyTLYerpo,34,,
2WGyTLYerpo,35,,
2WGyTLYerpo,36,,
2WGyTLYerpo,37,,
2WGyTLYerpo,38,,
2WGyTLYerpo,39,,
2WGyTLYerpo,40,,
2WGyTLYerpo,41,,
2WGyTLYerpo,42,,
2WGyTLYerpo,43,,
2WGyTLYerpo,45,,
2WGyTLYerpo,46,,
2WGyTLYerpo,47,,
2WGyTLYerpo,48,,
2WGyTLYerpo,49,,
2WGyTLYerpo,50,,
2WGyTLYerpo,51,,
2WGyTLYerpo,52,,
2WGyTLYerpo,53,,
2WGyTLYerpo,54,,
2WGyTLYerpo,55,,
2WGyTLYerpo,56,,
2WGyTLYerpo,57,,
2WGyTLYerpo,58,,
2WGyTLYerpo,59,,
2WGyTLYerpo,60,,
2WGyTLYerpo,61,,
2WGyTLYerpo,62,,
2WGyTLYerpo,63,,
2iD-tVS8NPw,1,,
2iD-tVS8NPw,2,,
2iD-tVS8NPw,3,,
2iD-tVS8NPw,4,,
2iD-tVS8NPw,5,,
2iD-tVS8NPw,6,,
2iD-tVS8NPw,7,,
2iD-tVS8NPw,8,,
2iD-tVS8NPw,9,,
2iD-tVS8NPw,10,,
2iD-tVS8NPw,11,,
2iD-tVS8NPw,12,,
2iD-tVS8NPw,13,,
2iD-tVS8NPw,14,,
2iD-tVS8NPw,15,,
2iD-tVS8NPw,16,,
2iD-tVS8NPw,17,,
2iD-tVS8NPw,18,,
2iD-tVS8NPw,19,,
2iD-tVS8NPw,20,,
2iD-tVS8NPw,21,,
2iD-tVS8NPw,22,,
2iD-tVS8NPw,23,,
2iD-tVS8NPw,24,,
2iD-tVS8NPw,25,,
2iD-tVS8NPw,26,,
2iD-tVS8NPw,27,,
2iD-tVS8NPw,28,,
2iD-tVS8NPw,29,,
2iD-tVS8NPw,30,,
5W7Z1C_fDaE,1,,
5W7Z1C_fDaE,2,,
5W7Z1C_fDaE,3,,
5W7Z1C_fDaE,4,,
5W7Z1C_fDaE,5,,
5W7Z1C_fDaE,6,,
5W7Z1C_fDaE,7,,
5W7Z1C_fDaE,8,,
5W7Z1C_fDaE,9,,
5W7Z1C_fDaE,10,,
5W7Z1C_fDaE,11,,
5W7Z1C_fDaE,12,,
5W7Z1C_fDaE,13,,
5W7Z1C_fDaE,14,,
5W7Z1C_fDaE,15,,
5W7Z1C_fDaE,16,,
5W7Z1C_fDaE,17,,
5W7Z1C_fDaE,18,,
5W7Z1C_fDaE,19,,
5W7Z1C_fDaE,20,,
5W7Z1C_fDaE,21,,
5W7Z1C_fDaE,22,,
5W7Z1C_fDaE,23,,
5W7Z1C_fDaE,24,,
6Egk_28TtTM,1,,
6Egk_28TtTM,2,,
6Egk_28TtTM,3,,
6Egk_28TtTM,4,,
6Egk_28TtTM,5,,
6Egk_28TtTM,6,,
6Egk_28TtTM,7,,
6Egk_28TtTM,8,,
6Egk_28TtTM,9,,
6Egk_28TtTM,10,,
6Egk_28TtTM,11,,
6Egk_28TtTM,12,,
6_0THN4chvY,1,,
6_0THN4chvY,2,,
6_0THN4chvY,3,,
6_0THN4chvY,4,,
6_0THN4chvY,5,,
6_0THN4chvY,6,,
6_0THN4chvY,7,,
6_0THN4chvY,8,,
6_0THN4chvY,9,,
6_0THN4chvY,10,,
6_0THN4chvY,11,,
6_0THN4chvY,12,,
6_0THN4chvY,13,,
6_0THN4chvY,14,,
73jzhE8R1TQ,1,,
73jzhE8R1TQ,2,,
73jzhE8R1TQ,3,,
73jzhE8R1TQ,4,,
73jzhE8R1TQ,5,,
73jzhE8R1TQ,6,,
73jzhE8R1TQ,7,,
73jzhE8R1TQ,8,,
73jzhE8R1TQ,9,,
73jzhE8R1TQ,10,,
73jzhE8R1TQ,11,,
73jzhE8R1TQ,12,,
73jzhE8R1TQ,13,,
73jzhE8R1TQ,14,,
73jzhE8R1TQ,15,,
73jzhE8R1TQ,16,,
73jzhE8R1TQ,17,,
73jzhE8R1TQ,18,,
73jzhE8R1TQ,19,,
7JsX8y1ysxY,1,,
7JsX8y1ysxY,2,,
7JsX8y1ysxY,3,,
7JsX8y1ysxY,4,,
7JsX8y1ysxY,5,,
7JsX8y1ysxY,6,,
7JsX8y1ysxY,7,,
7JsX8y1ysxY,8,,
7JsX8y1ysxY,9,,
7JsX8y1ysxY,10,,
7JsX8y1ysxY,11,,
7JsX8y1ysxY,12,,
7JsX8y1ysxY,13,,
7JsX8y1ysxY,14,,
7JsX8y1ysxY,15,,
7JsX8y1ysxY,16,,
7JsX8y1ysxY,17,,
7JsX8y1ysxY,18,,
7JsX8y1ysxY,19,,
7JsX8y1ysxY,20,,
7JsX8y1ysxY,21,,
7JsX8y1ysxY,22,,
7JsX8y1ysxY,23,,
7JsX8y1ysxY,24,,
7JsX8y1ysxY,25,,
7JsX8y1ysxY,26,,
7JsX8y1ysxY,27,,
7JsX8y1ysxY,28,,
7JsX8y1ysxY,29,,
7JsX8y1ysxY,30,,
7JsX8y1ysxY,31,,
7JsX8y1ysxY,32,,
7JsX8y1ysxY,33,,
7JsX8y1ysxY,34,,
7JsX8y1ysxY,35,,
7JsX8y1ysxY,36,,
7JsX8y1ysxY,37,,
7JsX8y1ysxY,38,,
7JsX8y1ysxY,39,,
8OtFthrtaJM,1,,
8OtFthrtaJM,2,,
8OtFthrtaJM,3,,
8OtFthrtaJM,4,,
8OtFthrtaJM,5,,
8OtFthrtaJM,6,,
8OtFthrtaJM,7,,
8OtFthrtaJM,8,,
8OtFthrtaJM,9,,
8OtFthrtaJM,10,,
8OtFthrtaJM,11,,
8OtFthrtaJM,12,,
8OtFthrtaJM,13,,
8OtFthrtaJM,14,,
8OtFthrtaJM,15,,
8OtFthrtaJM,16,,
8OtFthrtaJM,17,,
8OtFthrtaJM,18,,
8OtFthrtaJM,19,,
8OtFthrtaJM,20,,
8OtFthrtaJM,21,,
8OtFthrtaJM,22,,
8OtFthrtaJM,23,,
8d-gEyoeBzc,1,,
8d-gEyoeBzc,2,,
8d-gEyoeBzc,3,,
8d-gEyoeBzc,4,,
8d-gEyoeBzc,5,,
8d-gEyoeBzc,6,,
8d-gEyoeBzc,7,,
8d-gEyoeBzc,8,,
8d-gEyoeBzc,9,,
8d-gEyoeBzc,10,,
8d-gEyoeBzc,11,,
8d-gEyoeBzc,12,,
8d-gEyoeBzc,13,,
8d-gEyoeBzc,14,,
8d-gEyoeBzc,15,,
8d-gEyoeBzc,16,,
8d-gEyoeBzc,17,,
8d-gEyoeBzc,18,,
8d-gEyoeBzc,19,,
8d-gEyoeBzc,20,,
8d-gEyoeBzc,21,,
8d-gEyoeBzc,22,,
8d-gEyoeBzc,23,,
8d-gEyoeBzc,24,,
8d-gEyoeBzc,25,,
8d-gEyoeBzc,26,,
8d-gEyoeBzc,27,,
8d-gEyoeBzc,28,,
8d-gEyoeBzc,29,,
8d-gEyoeBzc,30,,
8qrpnFRGt2A,1,,
8qrpnFRGt2A,2,,
8qrpnFRGt2A,3,,
8qrpnFRGt2A,4,,
8qrpnFRGt2A,5,,
8qrpnFRGt2A,6,,
8qrpnFRGt2A,7,,
8qrpnFRGt2A,8,,
8qrpnFRGt2A,9,,
8qrpnFRGt2A,10,,
8qrpnFRGt2A,11,,
8qrpnFRGt2A,12,,
8qrpnFRGt2A,13,,
8qrpnFRGt2A,14,,
8qrpnFRGt2A,15,,
8qrpnFRGt2A,16,,
8qrpnFRGt2A,17,,
8qrpnFRGt2A,18,,
8qrpnFRGt2A,19,,
8qrpnFRGt2A,20,,
8qrpnFRGt2A,21,,
8qrpnFRGt2A,22,,
8qrpnFRGt2A,23,,
8qrpnFRGt2A,24,,
8qrpnFRGt2A,25,,
8qrpnFRGt2A,26,,
9J25DZhivz8,1,,
9J25DZhivz8,2,,
9J25DZhivz8,3,,
9J25DZhivz8,4,,
9J25DZhivz8,5,,
9J25DZhivz8,6,,
9J25DZhivz8,7,,
9J25DZhivz8,8,,
9J25DZhivz8,9,,
9J25DZhivz8,10,,
9J25DZhivz8,11,,
9J25DZhivz8,12,,
9J25DZhivz8,13,,
9J25DZhivz8,14,,
9J25DZhivz8,15,,
9J25DZhivz8,16,,
9J25DZhivz8,17,,
9J25DZhivz8,18,,
9J25DZhivz8,19,,
9J25DZhivz8,20,,
9J25DZhivz8,21,,
9J25DZhivz8,22,,
9J25DZhivz8,23,,
9J25DZhivz8,24,,
9J25DZhivz8,25,,
9T9Hf74oK10,1,,
9T9Hf74oK10,2,,
9T9Hf74oK10,3,,
9T9Hf74oK10,4,,
9T9Hf74oK10,5,,
9T9Hf74oK10,6,,
9T9Hf74oK10,7,,
9T9Hf74oK10,8,,
9T9Hf74oK10,9,,
9T9Hf74oK10,10,,
9T9Hf74oK10,11,,
9T9Hf74oK10,12,,
9T9Hf74oK10,13,,
9T9Hf74oK10,14,,
9T9Hf74oK10,15,,
9T9Hf74oK10,16,,
9T9Hf74oK10,17,,
9T9Hf74oK10,18,,
9T9Hf74oK10,19,,
9T9Hf74oK10,20,,
9T9Hf74oK10,21,,
9T9Hf74oK10,22,,
9T9Hf74oK10,23,,
9T9Hf74oK10,24,,
9T9Hf74oK10,25,,
9c67fiY0wGQ,1,,
9c67fiY0wGQ,2,,
9c67fiY0wGQ,3,,
9c67fiY0wGQ,4,,
9c67fiY0wGQ,5,,
9c67fiY0wGQ,6,,
9c67fiY0wGQ,7,,
9c67fiY0wGQ,8,,
9c67fiY0wGQ,9,,
9c67fiY0wGQ,10,,
9c67fiY0wGQ,11,,
9c67fiY0wGQ,12,,
9qR7uwkblbs,1,,
9qR7uwkblbs,2,,
9qR7uwkblbs,3,,
9qR7uwkblbs,4,,
9qR7uwkblbs,5,,
9qR7uwkblbs,6,,
9qR7uwkblbs,7,,
9qR7uwkblbs,8,,
9qR7uwkblbs,9,,
9qR7uwkblbs,10,,
9qR7uwkblbs,11,,
9qR7uwkblbs,12,,
9qR7uwkblbs,13,,
9qR7uwkblbs,14,,
9qR7uwkblbs,15,,
9qR7uwkblbs,16,,
9qR7uwkblbs,17,,
9qR7uwkblbs,18,,
9qR7uwkblbs,19,,
9qR7uwkblbs,20,,
9qR7uwkblbs,21,,
9qR7uwkblbs,22,,
9qR7uwkblbs,23,,
9qR7uwkblbs,24,,
9qR7uwkblbs,25,,
9qR7uwkblbs,26,,
9qR7uwkblbs,27,,
9qR7uwkblbs,28,,
9qR7uwkblbs,29,,
9qR7uwkblbs,30,,
9qR7uwkblbs,31,,
9qR7uwkblbs,32,,
9qR7uwkblbs,33,,
Af8D0E4ZXaw,1,,
Af8D0E4ZXaw,2,,
Af8D0E4ZXaw,3,,
Af8D0E4ZXaw,4,,
Af8D0E4ZXaw,5,,
Af8D0E4ZXaw,6,,
Af8D0E4ZXaw,7,,
Af8D0E4ZXaw,8,,
Af8D0E4ZXaw,9,,
Af8D0E4ZXaw,10,,
Af8D0E4ZXaw,11,,
Af8D0E4ZXaw,12,,
Af8D0E4ZXaw,13,,
Af8D0E4ZXaw,14,,
Af8D0E4ZXaw,15,,
Af8D0E4ZXaw,16,,
Af8D0E4ZXaw,17,,
Af8D0E4ZXaw,18,,
Af8D0E4ZXaw,19,,
Af8D0E4ZXaw,20,,
Af8D0E4ZXaw,21,,
Af8D0E4ZXaw,22,,
Af8D0E4ZXaw,23,,
Af8D0E4ZXaw,24,,
Af8D0E4ZXaw,25,,
Af8D0E4ZXaw,26,,
Af8D0E4ZXaw,27,,
Af8D0E4ZXaw,28,,
Af8D0E4ZXaw,29,,
Af8D0E4ZXaw,30,,
Af8D0E4ZXaw,31,,
BI97DNYfe5I,1,,
BI97DNYfe5I,2,,
BI97DNYfe5I,3,,
BI97DNYfe5I,4,,
BI97DNYfe5I,5,,
BI97DNYfe5I,6,,
BI97DNYfe5I,7,,
BI97DNYfe5I,8,,
BI97DNYfe5I,9,,
BI97DNYfe5I,10,,
BI97DNYfe5I,11,,
BI97DNYfe5I,12,,
BI97DNYfe5I,13,,
BI97DNYfe5I,14,,
BI97DNYfe5I,15,,
BI97DNYfe5I,16,,
BI97DNYfe5I,17,,
BI97DNYfe5I,18,,
BI97DNYfe5I,19,,
BI97DNYfe5I,20,,
BI97DNYfe5I,21,,
BI97DNYfe5I,22,,
BI97DNYfe5I,23,,
BI97DNYfe5I,24,,
BI97DNYfe5I,25,,
BI97DNYfe5I,26,,
BI97DNYfe5I,27,,
BI97DNYfe5I,28,,
BI97DNYfe5I,29,,
BI97DNYfe5I,30,,
BI97DNYfe5I,31,,
BXuRRbG0Ugk,1,,
BXuRRbG0Ugk,2,,
BXuRRbG0Ugk,3,,
BXuRRbG0Ugk,4,,
BXuRRbG0Ugk,5,,
BXuRRbG0Ugk,6,,
BXuRRbG0Ugk,7,,
BXuRRbG0Ugk,8,,
BXuRRbG0Ugk,9,,
BXuRRbG0Ugk,10,,
BXuRRbG0Ugk,11,,
BXuRRbG0Ugk,12,,
BXuRRbG0Ugk,13,,
BXuRRbG0Ugk,14,,
BXuRRbG0Ugk,15,,
BXuRRbG0Ugk,16,,
BXuRRbG0Ugk,17,,
BXuRRbG0Ugk,18,,
BXuRRbG0Ugk,19,,
BXuRRbG0Ugk,20,,
BXuRRbG0Ugk,21,,
BXuRRbG0Ugk,22,,
BXuRRbG0Ugk,23,,
BXuRRbG0Ugk,24,,
BXuRRbG0Ugk,25,,
BXuRRbG0Ugk,26,,
BXuRRbG0Ugk,27,,
BXuRRbG0Ugk,28,,
BXuRRbG0Ugk,29,,
BXuRRbG0Ugk,30,,
BXuRRbG0Ugk,31,,
Bfr499ggo-0,1,,
Bfr499ggo-0,2,,
Bfr499ggo-0,3,,
Bfr499ggo-0,4,,
Bfr499ggo-0,5,,
Bfr499ggo-0,6,,
Bfr499ggo-0,7,,
Bfr499ggo-0,8,,
Bfr499ggo-0,9,,
Bfr499ggo-0,10,,
Bfr499ggo-0,11,,
Bfr499ggo-0,12,,
Bfr499ggo-0,13,,
Bfr499ggo-0,14,,
Bfr499ggo-0,15,,
Bfr499ggo-0,16,,
Bfr499ggo-0,17,,
Bfr499ggo-0,18,,
Bfr499ggo-0,19,,
Bfr499ggo-0,20,,
Bfr499ggo-0,21,,
Bfr499ggo-0,22,,
BioHAh1qJAQ,1,,
BioHAh1qJAQ,2,,
BioHAh1qJAQ,3,,
BioHAh1qJAQ,4,,
BioHAh1qJAQ,5,,
BioHAh1qJAQ,6,,
BioHAh1qJAQ,7,,
BioHAh1qJAQ,8,,
BioHAh1qJAQ,9,,
BioHAh1qJAQ,10,,
BioHAh1qJAQ,11,,
BioHAh1qJAQ,12,,
BioHAh1qJAQ,13,,
BioHAh1qJAQ,14,,
BioHAh1qJAQ,15,,
BioHAh1qJAQ,16,,
BioHAh1qJAQ,17,,
BioHAh1qJAQ,18,,
BioHAh1qJAQ,19,,
BioHAh1qJAQ,20,,
BioHAh1qJAQ,21,,
BioHAh1qJAQ,22,,
BioHAh1qJAQ,23,,
BioHAh1qJAQ,24,,
BioHAh1qJAQ,25,,
BioHAh1qJAQ,26,,
BioHAh1qJAQ,27,,
BioHAh1qJAQ,28,,
BioHAh1qJAQ,29,,
BioHAh1qJAQ,30,,
BvYR0L6f2Ig,1,,
BvYR0L6f2Ig,2,,
BvYR0L6f2Ig,3,,
BvYR0L6f2Ig,4,,
BvYR0L6f2Ig,5,,
BvYR0L6f2Ig,6,,
BvYR0L6f2Ig,7,,
BvYR0L6f2Ig,8,,
BvYR0L6f2Ig,9,,
BvYR0L6f2Ig,10,,
BvYR0L6f2Ig,11,,
BvYR0L6f2Ig,12,,
BvYR0L6f2Ig,13,,
BvYR0L6f2Ig,14,,
BvYR0L6f2Ig,15,,
BvYR0L6f2Ig,16,,
BvYR0L6f2Ig,17,,
BvYR0L6f2Ig,18,,
BvYR0L6f2Ig,19,,
BvYR0L6f2Ig,20,,
BvYR0L6f2Ig,21,,
BvYR0L6f2Ig,22,,
BvYR0L6f2Ig,23,,
BvYR0L6f2Ig,24,,
BvYR0L6f2Ig,25,,
BvYR0L6f2Ig,26,,
Ci-AH39fi3Y,1,,
Ci-AH39fi3Y,2,,
Ci-AH39fi3Y,3,,
Ci-AH39fi3Y,4,,
Ci-AH39fi3Y,5,,
Ci-AH39fi3Y,6,,
Ci-AH39fi3Y,7,,
Ci-AH39fi3Y,8,,
Ci-AH39fi3Y,9,,
Ci-AH39fi3Y,10,,
Ci-AH39fi3Y,11,,
Ci-AH39fi3Y,12,,
Ci-AH39fi3Y,13,,
Ci-AH39fi3Y,14,,
Ci-AH39fi3Y,15,,
Ci-AH39fi3Y,16,,
Ci-AH39fi3Y,17,,
Ci-AH39fi3Y,18,,
Ci-AH39fi3Y,19,,
Ci-AH39fi3Y,20,,
Ci-AH39fi3Y,21,,
Ci-AH39fi3Y,22,,
Ci-AH39fi3Y,23,,
Ci-AH39fi3Y,24,,
Ci-AH39fi3Y,25,,
Ci-AH39fi3Y,26,,
Ci-AH39fi3Y,27,,
Ci-AH39fi3Y,28,,
Ci-AH39fi3Y,29,,
Ci-AH39fi3Y,30,,
Ci-AH39fi3Y,31,,
Ci-AH39fi3Y,32,,
Ci-AH39fi3Y,33,,
Ci-AH39fi3Y,34,,
Ci-AH39fi3Y,35,,
Ci-AH39fi3Y,36,,
Ci-AH39fi3Y,37,,
Ci-AH39fi3Y,38,,
Ci-AH39fi3Y,39,,
Ci-AH39fi3Y,40,,
Ci-AH39fi3Y,41,,
Ci-AH39fi3Y,42,,
Ci-AH39fi3Y,43,,
Ci-AH39fi3Y,44,,
Clx4VXItLTE,1,,
Clx4VXItLTE,2,,
Clx4VXItLTE,3,,
Clx4VXItLTE,4,,
Clx4VXItLTE,5,,
Clx4VXItLTE,6,,
Clx4VXItLTE,7,,
Clx4VXItLTE,8,,
Clx4VXItLTE,9,,
Clx4VXItLTE,10,,
Clx4VXItLTE,11,,
Clx4VXItLTE,12,,
Clx4VXItLTE,13,,
Clx4VXItLTE,14,,
Clx4VXItLTE,15,,
Clx4VXItLTE,16,,
Clx4VXItLTE,17,,
Clx4VXItLTE,18,,
Clx4VXItLTE,19,,
Clx4VXItLTE,20,,
Clx4VXItLTE,21,,
Clx4VXItLTE,22,,
Clx4VXItLTE,23,,
Clx4VXItLTE,24,,
Clx4VXItLTE,25,,
Clx4VXItLTE,26,,
Clx4VXItLTE,27,,
Clx4VXItLTE,28,,
Clx4VXItLTE,29,,
Clx4VXItLTE,30,,
Clx4VXItLTE,31,,
Dg_0XKD0Mf4,1,,
Dg_0XKD0Mf4,2,,
Dg_0XKD0Mf4,3,,
Dg_0XKD0Mf4,4,,
Dg_0XKD0Mf4,5,,
Dg_0XKD0Mf4,6,,
Dg_0XKD0Mf4,7,,
Dg_0XKD0Mf4,8,,
Dg_0XKD0Mf4,9,,
Dg_0XKD0Mf4,10,,
Dg_0XKD0Mf4,11,,
Dg_0XKD0Mf4,12,,
Dg_0XKD0Mf4,13,,
Dg_0XKD0Mf4,14,,
Dg_0XKD0Mf4,15,,
Dg_0XKD0Mf4,16,,
Dg_0XKD0Mf4,17,,
Dg_0XKD0Mf4,18,,
G-xst2euQUc,1,,
G-xst2euQUc,2,,
G-xst2euQUc,3,,
G-xst2euQUc,4,,
G-xst2euQUc,5,,
G-xst2euQUc,6,,
G-xst2euQUc,7,,
G-xst2euQUc,8,,
G-xst2euQUc,9,,
G-xst2euQUc,10,,
G-xst2euQUc,11,,
G-xst2euQUc,12,,
G-xst2euQUc,13,,
G-xst2euQUc,14,,
G-xst2euQUc,15,,
G-xst2euQUc,16,,
G-xst2euQUc,17,,
G-xst2euQUc,18,,
G-xst2euQUc,19,,
G-xst2euQUc,20,,
G-xst2euQUc,21,,
G6GlGvlkxAQ,1,,
G6GlGvlkxAQ,2,,
G6GlGvlkxAQ,3,,
G6GlGvlkxAQ,4,,
G6GlGvlkxAQ,5,,
G6GlGvlkxAQ,6,,
G6GlGvlkxAQ,7,,
G6GlGvlkxAQ,8,,
G6GlGvlkxAQ,9,,
G6GlGvlkxAQ,10,,
G6GlGvlkxAQ,11,,
G6GlGvlkxAQ,12,,
G6GlGvlkxAQ,13,,
G6GlGvlkxAQ,14,,
G6GlGvlkxAQ,15,,
G6GlGvlkxAQ,16,,
G6GlGvlkxAQ,17,,
G6GlGvlkxAQ,18,,
G6GlGvlkxAQ,19,,
G6GlGvlkxAQ,20,,
G6GlGvlkxAQ,21,,
G6GlGvlkxAQ,22,,
G6GlGvlkxAQ,23,,
G6GlGvlkxAQ,24,,
G6GlGvlkxAQ,25,,
G6GlGvlkxAQ,26,,
G6GlGvlkxAQ,27,,
G6GlGvlkxAQ,28,,
G6GlGvlkxAQ,29,,
GWuJjcEuzt8,1,,
GWuJjcEuzt8,2,,
GWuJjcEuzt8,3,,
GWuJjcEuzt8,4,,
GWuJjcEuzt8,5,,
GWuJjcEuzt8,6,,
GWuJjcEuzt8,7,,
GWuJjcEuzt8,8,,
GWuJjcEuzt8,9,,
GWuJjcEuzt8,10,,
GWuJjcEuzt8,11,,
GWuJjcEuzt8,12,,
GWuJjcEuzt8,13,,
GWuJjcEuzt8,14,,
GWuJjcEuzt8,15,,
GWuJjcEuzt8,16,,
GWuJjcEuzt8,17,,
GWuJjcEuzt8,18,,
HEsqda8_d0Q,1,,
HEsqda8_d0Q,2,,
HEsqda8_d0Q,3,,
HEsqda8_d0Q,4,,
HEsqda8_d0Q,5,,
HEsqda8_d0Q,6,,
HEsqda8_d0Q,7,,
HEsqda8_d0Q,8,,
HEsqda8_d0Q,9,,
HEsqda8_d0Q,10,,
HEsqda8_d0Q,11,,
HEsqda8_d0Q,12,,
HEsqda8_d0Q,13,,
HEsqda8_d0Q,14,,
HEsqda8_d0Q,15,,
HEsqda8_d0Q,16,,
HEsqda8_d0Q,17,,
HEsqda8_d0Q,18,,
HEsqda8_d0Q,19,,
HEsqda8_d0Q,20,,
HEsqda8_d0Q,21,,
HEsqda8_d0Q,22,,
HEsqda8_d0Q,23,,
HEsqda8_d0Q,24,,
HEsqda8_d0Q,25,,
HEsqda8_d0Q,26,,
HEsqda8_d0Q,27,,
HEsqda8_d0Q,28,,
HEsqda8_d0Q,29,,
HEsqda8_d0Q,30,,
HEsqda8_d0Q,31,,
HEsqda8_d0Q,32,,
HEsqda8_d0Q,33,,
HEsqda8_d0Q,34,,
I5y0__X72p0,1,,
I5y0__X72p0,2,,
I5y0__X72p0,3,,
I5y0__X72p0,4,,
I5y0__X72p0,5,,
I5y0__X72p0,6,,
I5y0__X72p0,7,,
I5y0__X72p0,8,,
I5y0__X72p0,9,,
I5y0__X72p0,10,,
I5y0__X72p0,11,,
I5y0__X72p0,12,,
I5y0__X72p0,13,,
I5y0__X72p0,14,,
I5y0__X72p0,15,,
I5y0__X72p0,16,,
I5y0__X72p0,17,,
I5y0__X72p0,18,,
I5y0__X72p0,19,,
I5y0__X72p0,20,,
I5y0__X72p0,21,,
I5y0__X72p0,22,,
I5y0__X72p0,23,,
I5y0__X72p0,24,,
I5y0__X72p0,25,,
I5y0__X72p0,26,,
I5y0__X72p0,27,,
I5y0__X72p0,28,,
I5y0__X72p0,29,,
I5y0__X72p0,30,,
I5y0__X72p0,31,,
I5y0__X72p0,32,,
I5y0__X72p0,33,,
I5y0__X72p0,34,,
I5y0__X72p0,35,,
I5y0__X72p0,36,,
I5y0__X72p0,37,,
I5y0__X72p0,38,,
I5y0__X72p0,39,,
Iu2PFX3z_1s,1,,
Iu2PFX3z_1s,2,,
Iu2PFX3z_1s,3,,
Iu2PFX3z_1s,4,,
Iu2PFX3z_1s,5,,
Iu2PFX3z_1s,6,,
Iu2PFX3z_1s,7,,
Iu2PFX3z_1s,8,,
Iu2PFX3z_1s,9,,
Iu2PFX3z_1s,10,,
Iu2PFX3z_1s,11,,
Iu2PFX3z_1s,12,,
Iu2PFX3z_1s,13,,
Iu2PFX3z_1s,14,,
Iu2PFX3z_1s,15,,
Iu2PFX3z_1s,16,,
IumbAb8q2dM,1,,
IumbAb8q2dM,2,,
IumbAb8q2dM,3,,
IumbAb8q2dM,4,,
IumbAb8q2dM,5,,
IumbAb8q2dM,6,,
IumbAb8q2dM,7,,
IumbAb8q2dM,8,,
IumbAb8q2dM,9,,
IumbAb8q2dM,10,,
IumbAb8q2dM,11,,
IumbAb8q2dM,12,,
IumbAb8q2dM,13,,
IumbAb8q2dM,14,,
IumbAb8q2dM,15,,
IumbAb8q2dM,16,,
IumbAb8q2dM,17,,
IumbAb8q2dM,18,,
IumbAb8q2dM,19,,
IumbAb8q2dM,20,,
IumbAb8q2dM,21,,
IumbAb8q2dM,22,,
Jkswaaud0hk,1,,
Jkswaaud0hk,2,,
Jkswaaud0hk,3,,
Jkswaaud0hk,4,,
Jkswaaud0hk,5,,
Jkswaaud0hk,6,,
Jkswaaud0hk,7,,
Jkswaaud0hk,8,,
Jkswaaud0hk,9,,
Jkswaaud0hk,10,,
Jkswaaud0hk,11,,
Jkswaaud0hk,12,,
Jkswaaud0hk,13,,
Jkswaaud0hk,14,,
Jkswaaud0hk,15,,
Jkswaaud0hk,16,,
Jkswaaud0hk,17,,
Jkswaaud0hk,18,,
Jkswaaud0hk,19,,
Jkswaaud0hk,20,,
LSi-o-IrDMs,1,,
LSi-o-IrDMs,2,,
LSi-o-IrDMs,3,,
LSi-o-IrDMs,4,,
LSi-o-IrDMs,5,,
LSi-o-IrDMs,6,,
LSi-o-IrDMs,7,,
LSi-o-IrDMs,8,,
LSi-o-IrDMs,9,,
LSi-o-IrDMs,10,,
LSi-o-IrDMs,11,,
LSi-o-IrDMs,12,,
LSi-o-IrDMs,13,,
LSi-o-IrDMs,14,,
LSi-o-IrDMs,15,,
LSi-o-IrDMs,16,,
LSi-o-IrDMs,17,,
LSi-o-IrDMs,18,,
LSi-o-IrDMs,19,,
LSi-o-IrDMs,20,,
LSi-o-IrDMs,21,,
LSi-o-IrDMs,22,,
LSi-o-IrDMs,23,,
LSi-o-IrDMs,24,,
LSi-o-IrDMs,25,,
LSi-o-IrDMs,26,,
LSi-o-IrDMs,27,,
LSi-o-IrDMs,28,,
LSi-o-IrDMs,29,,
MLal-t_vJPM,1,,
MLal-t_vJPM,2,,
MLal-t_vJPM,3,,
MLal-t_vJPM,4,,
MLal-t_vJPM,5,,
MLal-t_vJPM,6,,
MLal-t_vJPM,7,,
MLal-t_vJPM,8,,
MLal-t_vJPM,9,,
MLal-t_vJPM,10,,
MLal-t_vJPM,11,,
MLal-t_vJPM,12,,
MLal-t_vJPM,13,,
MLal-t_vJPM,14,,
MLal-t_vJPM,15,,
MLal-t_vJPM,16,,
MLal-t_vJPM,17,,
MLal-t_vJPM,18,,
Njd1F0vZSm4,1,,
Njd1F0vZSm4,2,,
Njd1F0vZSm4,3,,
Njd1F0vZSm4,4,,
Njd1F0vZSm4,5,,
Njd1F0vZSm4,6,,
Njd1F0vZSm4,7,,
Njd1F0vZSm4,8,,
Njd1F0vZSm4,9,,
Njd1F0vZSm4,10,,
Njd1F0vZSm4,11,,
Njd1F0vZSm4,12,,
Njd1F0vZSm4,13,,
Nzq88NnDkEk,1,,
Nzq88NnDkEk,2,,
Nzq88NnDkEk,3,,
Nzq88NnDkEk,4,,
Nzq88NnDkEk,5,,
Nzq88NnDkEk,6,,
Nzq88NnDkEk,7,,
Nzq88NnDkEk,8,,
Nzq88NnDkEk,9,,
Nzq88NnDkEk,10,,
Nzq88NnDkEk,11,,
Nzq88NnDkEk,12,,
Nzq88NnDkEk,13,,
Nzq88NnDkEk,14,,
Nzq88NnDkEk,15,,
Nzq88NnDkEk,16,,
Nzq88NnDkEk,17,,
Nzq88NnDkEk,18,,
Nzq88NnDkEk,19,,
Nzq88NnDkEk,20,,
Nzq88NnDkEk,21,,
Nzq88NnDkEk,22,,
Nzq88NnDkEk,23,,
Nzq88NnDkEk,24,,
Nzq88NnDkEk,25,,
Nzq88NnDkEk,26,,
Nzq88NnDkEk,27,,
Nzq88NnDkEk,28,,
Nzq88NnDkEk,29,,
Nzq88NnDkEk,30,,
Nzq88NnDkEk,31,,
Nzq88NnDkEk,32,,
OQvJTdtJ2H4,1,,
OQvJTdtJ2H4,2,,
OQvJTdtJ2H4,3,,
OQvJTdtJ2H4,4,,
OQvJTdtJ2H4,5,,
OQvJTdtJ2H4,6,,
OQvJTdtJ2H4,7,,
OQvJTdtJ2H4,8,,
OQvJTdtJ2H4,9,,
OQvJTdtJ2H4,10,,
OQvJTdtJ2H4,11,,
OQvJTdtJ2H4,12,,
OQvJTdtJ2H4,13,,
OQvJTdtJ2H4,14,,
OQvJTdtJ2H4,15,,
OQvJTdtJ2H4,16,,
OtBXNcAL_lE,1,,
OtBXNcAL_lE,2,,
OtBXNcAL_lE,3,,
OtBXNcAL_lE,4,,
OtBXNcAL_lE,5,,
OtBXNcAL_lE,6,,
OtBXNcAL_lE,7,,
OtBXNcAL_lE,8,,
OtBXNcAL_lE,9,,
OtBXNcAL_lE,10,,
OtBXNcAL_lE,11,,
OtBXNcAL_lE,12,,
OtBXNcAL_lE,13,,
OtBXNcAL_lE,14,,
OtBXNcAL_lE,15,,
OtBXNcAL_lE,16,,
OtBXNcAL_lE,17,,
OtBXNcAL_lE,18,,
OtBXNcAL_lE,19,,
OtBXNcAL_lE,20,,
OtBXNcAL_lE,21,,
OtBXNcAL_lE,22,,
OtBXNcAL_lE,23,,
OtBXNcAL_lE,24,,
Oz06ZWiO20M,1,,
Oz06ZWiO20M,2,,
Oz06ZWiO20M,3,,
Oz06ZWiO20M,4,,
Oz06ZWiO20M,5,,
Oz06ZWiO20M,6,,
Oz06ZWiO20M,7,,
Oz06ZWiO20M,8,,
Oz06ZWiO20M,9,,
Oz06ZWiO20M,10,,
Oz06ZWiO20M,11,,
Oz06ZWiO20M,12,,
Oz06ZWiO20M,13,,
Oz06ZWiO20M,14,,
Oz06ZWiO20M,15,,
Oz06ZWiO20M,16,,
Oz06ZWiO20M,17,,
Oz06ZWiO20M,18,,
Oz06ZWiO20M,19,,
Oz06ZWiO20M,20,,
Oz06ZWiO20M,21,,
Oz06ZWiO20M,22,,
Oz06ZWiO20M,23,,
Oz06ZWiO20M,24,,
Oz06ZWiO20M,25,,
POKffnXeBds,1,,
POKffnXeBds,2,,
POKffnXeBds,3,,
POKffnXeBds,4,,
POKffnXeBds,5,,
POKffnXeBds,6,,
POKffnXeBds,7,,
POKffnXeBds,8,,
POKffnXeBds,9,,
POKffnXeBds,10,,
POKffnXeBds,11,,
POKffnXeBds,12,,
POKffnXeBds,13,,
PZ-lDQFboO8,1,,
PZ-lDQFboO8,2,,
PZ-lDQFboO8,3,,
PZ-lDQFboO8,4,,
PZ-lDQFboO8,5,,
PZ-lDQFboO8,6,,
PZ-lDQFboO8,7,,
PZ-lDQFboO8,8,,
PZ-lDQFboO8,9,,
PZ-lDQFboO8,10,,
PZ-lDQFboO8,11,,
PZ-lDQFboO8,12,,
QN9ZIUWUXsY,1,,
QN9ZIUWUXsY,2,,
QN9ZIUWUXsY,3,,
QN9ZIUWUXsY,4,,
QN9ZIUWUXsY,5,,
QN9ZIUWUXsY,6,,
QN9ZIUWUXsY,7,,
QN9ZIUWUXsY,8,,
QN9ZIUWUXsY,9,,
QN9ZIUWUXsY,10,,
QN9ZIUWUXsY,11,,
QN9ZIUWUXsY,12,,
QN9ZIUWUXsY,13,,
QN9ZIUWUXsY,14,,
QN9ZIUWUXsY,15,,
QN9ZIUWUXsY,16,,
QN9ZIUWUXsY,17,,
QN9ZIUWUXsY,18,,
Qr1Ca94K55A,1,,
Qr1Ca94K55A,2,,
Qr1Ca94K55A,3,,
Qr1Ca94K55A,4,,
Qr1Ca94K55A,5,,
Qr1Ca94K55A,6,,
Qr1Ca94K55A,7,,
Qr1Ca94K55A,8,,
Qr1Ca94K55A,9,,
Qr1Ca94K55A,10,,
Qr1Ca94K55A,11,,
Qr1Ca94K55A,12,,
Qr1Ca94K55A,13,,
Qr1Ca94K55A,14,,
Sqr0AcuoNnk,1,,
Sqr0AcuoNnk,2,,
Sqr0AcuoNnk,3,,
Sqr0AcuoNnk,4,,
Sqr0AcuoNnk,5,,
Sqr0AcuoNnk,6,,
Sqr0AcuoNnk,7,,
Sqr0AcuoNnk,8,,
Sqr0AcuoNnk,9,,
Sqr0AcuoNnk,10,,
Sqr0AcuoNnk,11,,
Sqr0AcuoNnk,12,,
Sqr0AcuoNnk,13,,
Sqr0AcuoNnk,14,,
Sqr0AcuoNnk,15,,
Sqr0AcuoNnk,16,,
Sqr0AcuoNnk,17,,
Sqr0AcuoNnk,18,,
Sqr0AcuoNnk,19,,
Sqr0AcuoNnk,20,,
Sqr0AcuoNnk,21,,
Sqr0AcuoNnk,22,,
TvyZBvOMOTc,1,,
TvyZBvOMOTc,2,,
TvyZBvOMOTc,3,,
TvyZBvOMOTc,4,,
TvyZBvOMOTc,5,,
TvyZBvOMOTc,6,,
TvyZBvOMOTc,7,,
TvyZBvOMOTc,8,,
TvyZBvOMOTc,9,,
TvyZBvOMOTc,10,,
TvyZBvOMOTc,11,,
TvyZBvOMOTc,12,,
TvyZBvOMOTc,13,,
TvyZBvOMOTc,14,,
TvyZBvOMOTc,15,,
VCslbP0mgZI,1,,
VCslbP0mgZI,2,,
VCslbP0mgZI,3,,
VCslbP0mgZI,4,,
VCslbP0mgZI,5,,
VCslbP0mgZI,6,,
VCslbP0mgZI,7,,
VCslbP0mgZI,8,,
VCslbP0mgZI,9,,
VCslbP0mgZI,10,,
VCslbP0mgZI,11,,
VCslbP0mgZI,12,,
VCslbP0mgZI,13,,
VCslbP0mgZI,14,,
VCslbP0mgZI,15,,
VCslbP0mgZI,16,,
VCslbP0mgZI,17,,
VbQk4H8hgr0,1,,
VbQk4H8hgr0,2,,
VbQk4H8hgr0,3,,
VbQk4H8hgr0,4,,
VbQk4H8hgr0,5,,
VbQk4H8hgr0,6,,
VbQk4H8hgr0,7,,
VbQk4H8hgr0,8,,
VbQk4H8hgr0,9,,
VbQk4H8hgr0,10,,
VbQk4H8hgr0,11,,
VbQk4H8hgr0,12,,
VbQk4H8hgr0,13,,
VbQk4H8hgr0,14,,
VbQk4H8hgr0,15,,
VbQk4H8hgr0,16,,
VbQk4H8hgr0,17,,
VbQk4H8hgr0,18,,
VbQk4H8hgr0,19,,
VbQk4H8hgr0,20,,
VbQk4H8hgr0,21,,
VbQk4H8hgr0,22,,
VbQk4H8hgr0,23,,
VbQk4H8hgr0,24,,
VbQk4H8hgr0,25,,
VbQk4H8hgr0,26,,
VbQk4H8hgr0,27,,
VbQk4H8hgr0,28,,
VbQk4H8hgr0,29,,
VbQk4H8hgr0,30,,
VbQk4H8hgr0,31,,
VbQk4H8hgr0,32,,
VbQk4H8hgr0,33,,
VbQk4H8hgr0,34,,
VbQk4H8hgr0,35,,
VbQk4H8hgr0,36,,
VbQk4H8hgr0,37,,
VbQk4H8hgr0,38,,
VbQk4H8hgr0,39,,
VbQk4H8hgr0,40,,
VbQk4H8hgr0,41,,
VbQk4H8hgr0,42,,
VbQk4H8hgr0,43,,
VbQk4H8hgr0,44,,
VbQk4H8hgr0,45,,
VbQk4H8hgr0,46,,
VbQk4H8hgr0,47,,
VbQk4H8hgr0,48,,
VbQk4H8hgr0,49,,
VbQk4H8hgr0,50,,
VbQk4H8hgr0,51,,
VbQk4H8hgr0,52,,
VbQk4H8hgr0,53,,
VbQk4H8hgr0,54,,
VbQk4H8hgr0,55,,
Vj1wYRQjB-o,1,,
Vj1wYRQjB-o,2,,
Vj1wYRQjB-o,3,,
Vj1wYRQjB-o,4,,
Vj1wYRQjB-o,5,,
Vj1wYRQjB-o,6,,
Vj1wYRQjB-o,7,,
Vj1wYRQjB-o,8,,
Vj1wYRQjB-o,9,,
W8NXH0Djyww,1,,
W8NXH0Djyww,2,,
W8NXH0Djyww,3,,
W8NXH0Djyww,4,,
W8NXH0Djyww,5,,
W8NXH0Djyww,6,,
W8NXH0Djyww,7,,
W8NXH0Djyww,8,,
W8NXH0Djyww,9,,
W8NXH0Djyww,10,,
W8NXH0Djyww,11,,
W8NXH0Djyww,12,,
W8NXH0Djyww,13,,
W8NXH0Djyww,14,,
W8NXH0Djyww,15,,
W8NXH0Djyww,16,,
W8NXH0Djyww,17,,
W8NXH0Djyww,18,,
W8NXH0Djyww,19,,
W8NXH0Djyww,20,,
W8NXH0Djyww,21,,
W8NXH0Djyww,22,,
W8NXH0Djyww,23,,
W8NXH0Djyww,24,,
W8NXH0Djyww,25,,
W8NXH0Djyww,26,,
W8NXH0Djyww,27,,
W8NXH0Djyww,28,,
W8NXH0Djyww,29,,
W8NXH0Djyww,30,,
W8NXH0Djyww,31,,
W8NXH0Djyww,32,,
